Rank,Ability,Category,Exposure 2025
1,Control Precision,Psychomotor,59.5
2,Memorization,Cognitive,52.5
3,Speech Recognition,Sensory,45.5
4,Written Expression,Cognitive,45.5
5,Category Flexibility,Cognitive,44.0
6,Auditory Attention,Sensory,42.0
7,Written Comprehension,Cognitive,42.0
8,Oral Expression,Cognitive,39.0
9,Problem Sensitivity,Cognitive,38.5
10,Originality,Cognitive,35.75
11,Mathematical Reasoning,Cognitive,34.0
12,Speech Clarity,Sensory,33.0
13,Oral Comprehension,Cognitive,32.5
14,Explosive Strength,Physical,31.5
15,Deductive Reasoning,Cognitive,30.0
16,Selective Attention,Cognitive,30.0
17,Depth Perception,Sensory,27.5
18,Information Ordering,Cognitive,27.5
19,Near Vision,Sensory,27.0
20,Sound Localization,Sensory,26.0
21,Multilimb Coordination,Psychomotor,24.5
22,Number Facility,Cognitive,24.0
23,Rate Control,Psychomotor,24.0
24,Hearing Sensitivity,Sensory,22.75
25,Far Vision,Sensory,22.0
26,Spatial Orientation,Cognitive,22.0
27,Fluency of Ideas,Cognitive,20.0
28,Stamina,Physical,20.0
29,Visualization,Cognitive,19.5
30,Manual Dexterity,Psychomotor,19.25
31,Visual Color Discrimination,Sensory,19.25
32,Inductive Reasoning,Cognitive,18.0
33,Glare Sensitivity,Sensory,17.5
34,Speed of Limb Movement,Psychomotor,16.5
35,Gross Body Equilibrium,Physical,13.75
36,Perceptual Speed,Cognitive,12.25
37,Time Sharing,Cognitive,12.25
38,Speed of Closure,Cognitive,11.25
