Rank,Occupation,Exposure 2020,Exposure 2025,Delta
1,Operations Research Analysts,20.79,33.49,12.7
2,Archivists,20.63,33.31,12.68
3,"History Teachers, Postsecondary",22.46,34.99,12.53
4,Nanosystems Engineers,20.9,33.33,12.43
5,Mental Health Counselors,21.74,34.15,12.41
6,Dietitians and Nutritionists,21.27,33.68,12.41
7,Computer Systems Engineers/Architects,20.61,32.94,12.33
8,Market Research Analysts and Marketing Specialists,20.97,33.29,12.32
9,Fuel Cell Engineers,20.19,32.5,12.31
10,"Chemistry Teachers, Postsecondary",22.28,34.58,12.3
11,Clinical Neuropsychologists,21.19,33.42,12.23
12,"Business Teachers, Postsecondary",22.63,34.86,12.23
13,"Law Teachers, Postsecondary",22.7,34.92,12.22
14,"Medical Scientists, Except Epidemiologists",20.67,32.88,12.21
15,"Biological Science Teachers, Postsecondary",22.4,34.61,12.21
16,"Philosophy and Religion Teachers, Postsecondary",22.55,34.76,12.21
17,Psychiatrists,21.26,33.46,12.2
18,Genetic Counselors,21.09,33.28,12.19
19,Mathematicians,20.26,32.4,12.14
20,"Psychology Teachers, Postsecondary",22.93,35.06,12.13
21,"Environmental Science Teachers, Postsecondary",22.41,34.54,12.13
22,Sociologists,22.79,34.9,12.11
23,Business Continuity Planners,21.37,33.48,12.11
24,Chemists,20.5,32.59,12.09
25,"Family and Consumer Sciences Teachers, Postsecondary",22.75,34.84,12.09
