Rank,Occupation,Exposure 2026
1,Court Reporters and Simultaneous Captioners,37.73
2,Medical Transcriptionists,36.93
3,Proofreaders and Copy Markers,36.57
4,Political Scientists,36.24
5,"English Language and Literature Teachers, Postsecondary",36.22
6,"Foreign Language and Literature Teachers, Postsecondary",36.16
7,"Title Examiners, Abstractors, and Searchers",36.12
8,Historians,36.07
9,Human Resources Specialists,36.05
10,"Political Science Teachers, Postsecondary",36.04
11,Sociologists,36.0
12,"Secretaries and Administrative Assistants, Except Legal, Medical, and Executive",36.0
13,Telephone Operators,35.98
14,Ophthalmic Medical Technicians,35.97
15,"Law Teachers, Postsecondary",35.95
16,"History Teachers, Postsecondary",35.94
17,Telemarketers,35.93
18,Judicial Law Clerks,35.9
19,"Education Teachers, Postsecondary",35.89
20,"Criminal Justice and Law Enforcement Teachers, Postsecondary",35.87
21,"Locker Room, Coatroom, and Dressing Room Attendants",35.82
22,"Psychology Teachers, Postsecondary",35.81
23,Loan Officers,35.77
24,"Sociology Teachers, Postsecondary",35.74
25,"Philosophy and Religion Teachers, Postsecondary",35.73
