Rank,Occupation,Exposure 2020,Exposure 2026,Delta
1,Operations Research Analysts,20.79,34.82,14.03
2,Medical and Clinical Laboratory Technologists,20.69,34.68,13.99
3,Geodetic Surveyors,19.95,33.74,13.79
4,Nanosystems Engineers,20.9,34.59,13.69
5,Archivists,20.63,34.32,13.69
6,Neuropsychologists,21.58,35.19,13.61
7,Cytogenetic Technologists,20.58,34.16,13.58
8,Chemists,20.5,34.07,13.57
9,"Purchasing Agents, Except Wholesale, Retail, and Farm Products",21.88,35.44,13.56
10,Business Intelligence Analysts,21.01,34.57,13.56
11,Billing and Posting Clerks,21.58,35.13,13.55
12,Fuel Cell Engineers,20.19,33.72,13.53
13,Mathematicians,20.26,33.78,13.52
14,Neurodiagnostic Technologists,20.45,33.95,13.5
15,Actuaries,21.19,34.67,13.48
16,General Internal Medicine Physicians,20.66,34.03,13.37
17,Judicial Law Clerks,22.56,35.92,13.36
18,Microbiologists,20.79,34.15,13.36
19,Radiologists,20.67,34.0,13.33
20,Optometrists,21.81,35.12,13.31
21,Psychiatrists,21.26,34.54,13.28
22,Insurance Underwriters,21.85,35.12,13.27
23,Biostatisticians,21.02,34.28,13.26
24,"Tax Examiners and Collectors, and Revenue Agents",21.2,34.45,13.25
25,Market Research Analysts and Marketing Specialists,20.97,34.21,13.24
