Panel,Occupation,BAIOE 2025,Ability,Ability exposure,Importance (normalized),Level (normalized),BAIOE weight,Contribution
Highest exposure,Court Reporters and Simultaneous Captioners,35.9,Speech Recognition,45.50,0.7800,0.5886,0.4591,20.89
Highest exposure,Court Reporters and Simultaneous Captioners,35.9,Oral Comprehension,32.50,0.7800,0.5543,0.4323,14.05
Highest exposure,Court Reporters and Simultaneous Captioners,35.9,Written Comprehension,42.00,0.7200,0.5714,0.4114,17.28
Highest exposure,Court Reporters and Simultaneous Captioners,35.9,Oral Expression,39.00,0.7200,0.5714,0.4114,16.05
Highest exposure,Court Reporters and Simultaneous Captioners,35.9,Written Expression,45.50,0.7500,0.5357,0.4018,18.28
Highest exposure,Court Reporters and Simultaneous Captioners,35.9,Near Vision,27.00,0.7200,0.5543,0.3991,10.78
Highest exposure,Court Reporters and Simultaneous Captioners,35.9,Selective Attention,30.00,0.6875,0.4286,0.2946,8.84
Highest exposure,Court Reporters and Simultaneous Captioners,35.9,Information Ordering,27.50,0.5625,0.4286,0.2411,6.63
Highest exposure,Court Reporters and Simultaneous Captioners,35.9,Speech Clarity,33.00,0.5300,0.4286,0.2271,7.50
Highest exposure,Court Reporters and Simultaneous Captioners,35.9,Deductive Reasoning,30.00,0.4700,0.4114,0.1934,5.80
Highest exposure,Court Reporters and Simultaneous Captioners,35.9,Problem Sensitivity,38.50,0.4700,0.3743,0.1759,6.77
Highest exposure,Court Reporters and Simultaneous Captioners,35.9,Control Precision,59.50,0.4700,0.3571,0.1679,9.99
Highest exposure,Court Reporters and Simultaneous Captioners,35.9,Auditory Attention,42.00,0.4700,0.3571,0.1679,7.05
Highest exposure,Court Reporters and Simultaneous Captioners,35.9,Inductive Reasoning,18.00,0.4050,0.3571,0.1446,2.60
Highest exposure,Court Reporters and Simultaneous Captioners,35.9,Perceptual Speed,12.25,0.3750,0.3214,0.1205,1.48
Highest exposure,Court Reporters and Simultaneous Captioners,35.9,Time Sharing,12.25,0.3750,0.3029,0.1136,1.39
Highest exposure,Court Reporters and Simultaneous Captioners,35.9,Memorization,52.50,0.3125,0.3571,0.1116,5.86
Highest exposure,Court Reporters and Simultaneous Captioners,35.9,Far Vision,22.00,0.3125,0.3400,0.1062,2.34
Highest exposure,Court Reporters and Simultaneous Captioners,35.9,Category Flexibility,44.00,0.3450,0.3029,0.1045,4.60
Second-highest exposure,"English Language and Literature Teachers, Postsecondary",35.42,Written Comprehension,42.00,0.9700,0.7143,0.6929,29.10
Second-highest exposure,"English Language and Literature Teachers, Postsecondary",35.42,Oral Expression,39.00,0.9050,0.7143,0.6464,25.21
Second-highest exposure,"English Language and Literature Teachers, Postsecondary",35.42,Oral Comprehension,32.50,0.8125,0.7143,0.5804,18.86
Second-highest exposure,"English Language and Literature Teachers, Postsecondary",35.42,Written Expression,45.50,0.8125,0.7143,0.5804,26.41
Second-highest exposure,"English Language and Literature Teachers, Postsecondary",35.42,Speech Clarity,33.00,0.7500,0.6786,0.5089,16.79
Second-highest exposure,"English Language and Literature Teachers, Postsecondary",35.42,Deductive Reasoning,30.00,0.7200,0.5543,0.3991,11.97
Second-highest exposure,"English Language and Literature Teachers, Postsecondary",35.42,Inductive Reasoning,18.00,0.7200,0.5543,0.3991,7.18
Second-highest exposure,"English Language and Literature Teachers, Postsecondary",35.42,Near Vision,27.00,0.6250,0.5357,0.3348,9.04
Second-highest exposure,"English Language and Literature Teachers, Postsecondary",35.42,Speech Recognition,45.50,0.5950,0.5543,0.3298,15.01
Second-highest exposure,"English Language and Literature Teachers, Postsecondary",35.42,Fluency of Ideas,20.00,0.5625,0.5543,0.3118,6.24
Second-highest exposure,"English Language and Literature Teachers, Postsecondary",35.42,Problem Sensitivity,38.50,0.5950,0.5171,0.3077,11.85
Second-highest exposure,"English Language and Literature Teachers, Postsecondary",35.42,Originality,35.75,0.5625,0.5357,0.3013,10.77
Second-highest exposure,"English Language and Literature Teachers, Postsecondary",35.42,Category Flexibility,44.00,0.5300,0.5000,0.2650,11.66
Second-highest exposure,"English Language and Literature Teachers, Postsecondary",35.42,Information Ordering,27.50,0.4700,0.5000,0.2350,6.46
Second-highest exposure,"English Language and Literature Teachers, Postsecondary",35.42,Selective Attention,30.00,0.4700,0.4114,0.1934,5.80
Second-highest exposure,"English Language and Literature Teachers, Postsecondary",35.42,Memorization,52.50,0.4375,0.4286,0.1875,9.84
Second-lowest exposure,Fallers,27.38,Multilimb Coordination,24.50,0.6875,0.5543,0.3811,9.34
Second-lowest exposure,Fallers,27.38,Control Precision,59.50,0.6575,0.5357,0.3522,20.96
Second-lowest exposure,Fallers,27.38,Speed of Limb Movement,16.50,0.6250,0.5357,0.3348,5.52
Second-lowest exposure,Fallers,27.38,Depth Perception,27.50,0.5950,0.5186,0.3085,8.49
Second-lowest exposure,Fallers,27.38,Auditory Attention,42.00,0.5950,0.5186,0.3085,12.96
Second-lowest exposure,Fallers,27.38,Manual Dexterity,19.25,0.6250,0.4829,0.3018,5.81
Second-lowest exposure,Fallers,27.38,Stamina,20.00,0.5950,0.4829,0.2873,5.75
Second-lowest exposure,Fallers,27.38,Far Vision,22.00,0.5625,0.4643,0.2612,5.75
Second-lowest exposure,Fallers,27.38,Visualization,19.50,0.5325,0.4829,0.2571,5.01
Second-lowest exposure,Fallers,27.38,Near Vision,27.00,0.5950,0.4286,0.2550,6.88
Second-lowest exposure,Fallers,27.38,Problem Sensitivity,38.50,0.5325,0.4471,0.2381,9.17
Second-lowest exposure,Fallers,27.38,Visual Color Discrimination,19.25,0.5625,0.4114,0.2314,4.46
Second-lowest exposure,Fallers,27.38,Rate Control,24.00,0.5325,0.4286,0.2282,5.48
Second-lowest exposure,Fallers,27.38,Hearing Sensitivity,22.75,0.5625,0.3929,0.2210,5.03
Second-lowest exposure,Fallers,27.38,Perceptual Speed,12.25,0.5000,0.4286,0.2143,2.63
Second-lowest exposure,Fallers,27.38,Gross Body Equilibrium,13.75,0.5000,0.4286,0.2143,2.95
Second-lowest exposure,Fallers,27.38,Information Ordering,27.50,0.5325,0.3929,0.2092,5.75
Second-lowest exposure,Fallers,27.38,Deductive Reasoning,30.00,0.4700,0.4286,0.2014,6.04
Second-lowest exposure,Fallers,27.38,Oral Expression,39.00,0.5000,0.3757,0.1879,7.33
Second-lowest exposure,Fallers,27.38,Category Flexibility,44.00,0.5000,0.3757,0.1879,8.27
Second-lowest exposure,Fallers,27.38,Oral Comprehension,32.50,0.5000,0.3571,0.1786,5.80
Second-lowest exposure,Fallers,27.38,Spatial Orientation,22.00,0.4700,0.3757,0.1766,3.88
Second-lowest exposure,Fallers,27.38,Selective Attention,30.00,0.4700,0.3757,0.1766,5.30
Second-lowest exposure,Fallers,27.38,Inductive Reasoning,18.00,0.4375,0.3929,0.1719,3.09
Second-lowest exposure,Fallers,27.38,Speech Clarity,33.00,0.4700,0.3571,0.1679,5.54
Second-lowest exposure,Fallers,27.38,Speech Recognition,45.50,0.4375,0.3400,0.1487,6.77
Second-lowest exposure,Fallers,27.38,Time Sharing,12.25,0.3750,0.3757,0.1409,1.73
Second-lowest exposure,Fallers,27.38,Speed of Closure,11.25,0.3450,0.3571,0.1232,1.39
Lowest exposure,Helpers--Roofers,27.24,Gross Body Equilibrium,13.75,0.6250,0.5714,0.3571,4.91
Lowest exposure,Helpers--Roofers,27.24,Manual Dexterity,19.25,0.6250,0.4457,0.2786,5.36
Lowest exposure,Helpers--Roofers,27.24,Multilimb Coordination,24.50,0.5950,0.4114,0.2448,6.00
Lowest exposure,Helpers--Roofers,27.24,Stamina,20.00,0.5000,0.4829,0.2414,4.83
Lowest exposure,Helpers--Roofers,27.24,Visualization,19.50,0.5625,0.4286,0.2411,4.70
Lowest exposure,Helpers--Roofers,27.24,Problem Sensitivity,38.50,0.5625,0.4114,0.2314,8.91
Lowest exposure,Helpers--Roofers,27.24,Depth Perception,27.50,0.5300,0.3929,0.2082,5.73
Lowest exposure,Helpers--Roofers,27.24,Far Vision,22.00,0.5000,0.4114,0.2057,4.53
Lowest exposure,Helpers--Roofers,27.24,Auditory Attention,42.00,0.4700,0.4286,0.2014,8.46
Lowest exposure,Helpers--Roofers,27.24,Speech Recognition,45.50,0.5300,0.3743,0.1984,9.03
Lowest exposure,Helpers--Roofers,27.24,Oral Comprehension,32.50,0.5000,0.3929,0.1964,6.38
Lowest exposure,Helpers--Roofers,27.24,Oral Expression,39.00,0.5000,0.3571,0.1786,6.96
Lowest exposure,Helpers--Roofers,27.24,Perceptual Speed,12.25,0.4700,0.3743,0.1759,2.15
Lowest exposure,Helpers--Roofers,27.24,Speed of Limb Movement,16.50,0.4700,0.3743,0.1759,2.90
Lowest exposure,Helpers--Roofers,27.24,Near Vision,27.00,0.4700,0.3743,0.1759,4.75
Lowest exposure,Helpers--Roofers,27.24,Control Precision,59.50,0.4375,0.3929,0.1719,10.23
Lowest exposure,Helpers--Roofers,27.24,Speech Clarity,33.00,0.5625,0.3029,0.1704,5.62
Lowest exposure,Helpers--Roofers,27.24,Deductive Reasoning,30.00,0.4700,0.3571,0.1679,5.04
Lowest exposure,Helpers--Roofers,27.24,Category Flexibility,44.00,0.4700,0.3571,0.1679,7.39
Lowest exposure,Helpers--Roofers,27.24,Selective Attention,30.00,0.4700,0.3571,0.1679,5.04
Lowest exposure,Helpers--Roofers,27.24,Information Ordering,27.50,0.5000,0.3214,0.1607,4.42
Lowest exposure,Helpers--Roofers,27.24,Inductive Reasoning,18.00,0.4375,0.3400,0.1487,2.68
Lowest exposure,Helpers--Roofers,27.24,Glare Sensitivity,17.50,0.3750,0.3571,0.1339,2.34
Lowest exposure,Helpers--Roofers,27.24,Visual Color Discrimination,19.25,0.4375,0.3029,0.1325,2.55
Lowest exposure,Helpers--Roofers,27.24,Spatial Orientation,22.00,0.4050,0.3214,0.1302,2.86
Lowest exposure,Helpers--Roofers,27.24,Hearing Sensitivity,22.75,0.4050,0.3214,0.1302,2.96
Lowest exposure,Helpers--Roofers,27.24,Written Comprehension,42.00,0.3450,0.3743,0.1291,5.42
Lowest exposure,Helpers--Roofers,27.24,Fluency of Ideas,20.00,0.3750,0.3029,0.1136,2.27
Lowest exposure,Helpers--Roofers,27.24,Time Sharing,12.25,0.3450,0.2857,0.0986,1.21
Lowest exposure,Helpers--Roofers,27.24,Rate Control,24.00,0.3125,0.3029,0.0946,2.27
