Panel,Occupation,BAIOE Rank,AEI Rank
"Panel A: Latent exposure -- high BAIOE, low adoption",Genetic Counselors,32,328
"Panel A: Latent exposure -- high BAIOE, low adoption","Special Education Teachers, Preschool",67,337
"Panel A: Latent exposure -- high BAIOE, low adoption","Forestry and Conservation Science Teachers, Postsecondary",51,315
"Panel A: Latent exposure -- high BAIOE, low adoption",Funeral Home Managers,77,332
"Panel A: Latent exposure -- high BAIOE, low adoption",Sales Managers,7,261
"Panel A: Latent exposure -- high BAIOE, low adoption","Education and Childcare Administrators, Preschool and Daycare",20,271
"Panel A: Latent exposure -- high BAIOE, low adoption","Medical Scientists, Except Epidemiologists",30,275
"Panel A: Latent exposure -- high BAIOE, low adoption","Child, Family, and School Social Workers",93,336
"Panel A: Latent exposure -- high BAIOE, low adoption",Financial Examiners,23,263
"Panel A: Latent exposure -- high BAIOE, low adoption",Music Directors and Composers,40,279
"Panel B: Active transformation -- high BAIOE, high adoption",Software Quality Assurance Analysts and Testers,157,8
"Panel B: Active transformation -- high BAIOE, high adoption","Educational, Guidance, and Career Counselors and Advisors",14,163
"Panel B: Active transformation -- high BAIOE, high adoption",Computer Programmers,141,1
"Panel B: Active transformation -- high BAIOE, high adoption",Dietitians and Nutritionists,15,153
"Panel B: Active transformation -- high BAIOE, high adoption",Curators,166,29
"Panel B: Active transformation -- high BAIOE, high adoption",Public Relations Specialists,153,17
"Panel B: Active transformation -- high BAIOE, high adoption","Human Resources Assistants, Except Payroll and Timekeeping",168,32
"Panel B: Active transformation -- high BAIOE, high adoption",Customer Service Representatives,135,2
"Panel B: Active transformation -- high BAIOE, high adoption",Social Science Research Assistants,153,22
"Panel B: Active transformation -- high BAIOE, high adoption",Clergy,38,167
"Panel C: Low pressure -- low BAIOE, low adoption",Civil Engineers,173,334
"Panel C: Low pressure -- low BAIOE, low adoption","Computer, Automated Teller, and Office Machine Repairers",324,170
"Panel C: Low pressure -- low BAIOE, low adoption",Industrial Production Managers,188,327
"Panel C: Low pressure -- low BAIOE, low adoption",Prepress Technicians and Workers,308,175
"Panel C: Low pressure -- low BAIOE, low adoption",Choreographers,316,199
"Panel C: Low pressure -- low BAIOE, low adoption",Tellers,193,308
"Panel C: Low pressure -- low BAIOE, low adoption",Surveyors,229,339
"Panel C: Low pressure -- low BAIOE, low adoption",Baggage Porters and Bellhops,319,210
"Panel C: Low pressure -- low BAIOE, low adoption",Occupational Therapists,227,335
"Panel C: Low pressure -- low BAIOE, low adoption",Historians,207,300
"Panel D: Adoption ahead -- low BAIOE, high adoption","Fine Artists, Including Painters, Sculptors, and Illustrators",329,45
"Panel D: Adoption ahead -- low BAIOE, high adoption",Desktop Publishers,291,15
"Panel D: Adoption ahead -- low BAIOE, high adoption",Data Entry Keyers,271,3
"Panel D: Adoption ahead -- low BAIOE, high adoption",Special Effects Artists and Animators,289,44
"Panel D: Adoption ahead -- low BAIOE, high adoption",Medical Transcriptionists,249,5
"Panel D: Adoption ahead -- low BAIOE, high adoption",Graphic Designers,284,40
"Panel D: Adoption ahead -- low BAIOE, high adoption",Chemical Technicians,289,57
"Panel D: Adoption ahead -- low BAIOE, high adoption",Information Security Analysts,233,10
"Panel D: Adoption ahead -- low BAIOE, high adoption",Photographers,335,117
"Panel D: Adoption ahead -- low BAIOE, high adoption",Film and Video Editors,296,101
