Rank,Occupation,Exposure 2025
1,Court Reporters and Simultaneous Captioners,35.9
2,Political Scientists,35.21
3,Human Resources Specialists,35.02
4,Sociologists,34.9
5,Proofreaders and Copy Markers,34.7
6,Judicial Law Clerks,34.59
7,Historians,34.58
8,Telemarketers,34.4
9,Medical Transcriptionists,34.32
10,Compensation and Benefits Managers,34.29
11,Clinical and Counseling Psychologists,34.27
12,"Interviewers, Except Eligibility and Loan",34.18
13,Mental Health Counselors,34.15
14,Real Estate Brokers,34.13
15,Instructional Coordinators,34.08
16,Telephone Operators,34.04
17,Economists,34.01
18,"Education Administrators, Postsecondary",33.96
19,Clergy,33.93
20,"Teaching Assistants, Postsecondary",33.91
21,Travel Agents,33.91
22,Tutors,33.9
23,"Educational, Guidance, and Career Counselors and Advisors",33.89
24,Management Analysts,33.88
25,Writers and Authors,33.88
