Quadrant,Occupation,BWI 2024 exposure,AEI usage share (%)
Active transformation,Credit Analysts,37.68,16.85
Active transformation,Loan Officers,36.99,18.57
Active transformation,Industrial-Organizational Psychologists,36.89,15.77
Active transformation,Logisticians,36.34,15.71
Active transformation,Dietitians and Nutritionists,36.27,13.28
Active transformation,Web Developers,34.8,48.02
Active transformation,Social Science Research Assistants,34.71,43.93
Active transformation,Customer Service Representatives,34.57,70.11
Active transformation,"Office Clerks, General",34.44,45.04
Active transformation,Information Security Analysts,34.31,48.59
Latent exposure,Actuaries,39.0,5.39
Latent exposure,Financial Examiners,37.42,4.28
Latent exposure,Physical Scientists,36.83,3.79
Latent exposure,Medical Scientists,36.6,3.81
Latent exposure,Sales Managers,36.42,4.33
Latent exposure,"Tax Examiners and Collectors, and Revenue Agents",36.26,2.75
Latent exposure,Genetic Counselors,36.21,1.23
Latent exposure,Geoscientists,36.13,4.3
Latent exposure,Industrial Engineers,35.86,3.67
Latent exposure,Civil Engineers,35.78,0.81
Adoption ahead,Fine Artists,29.66,35.65
Adoption ahead,Court Reporters and Simultaneous Captioners,30.66,34.31
Adoption ahead,Desktop Publishers,31.7,46.4
Adoption ahead,Graphic Designers,31.94,36.72
Adoption ahead,Switchboard Operators,31.99,38.63
Adoption ahead,Medical Transcriptionists,32.12,63.65
Adoption ahead,Special Effects Artists and Animators,32.39,35.71
Adoption ahead,Secretaries and Administrative Assistants,32.67,45.28
Adoption ahead,Interpreters and Translators,32.7,43.04
Adoption ahead,Data Entry Keyers,32.93,67.07
Low pressure,"Computer, Automated Teller, and Office Machine Repairers",29.75,10.67
Low pressure,Baggage Porters and Bellhops,29.86,7.3
Low pressure,Choreographers,29.93,8.01
Low pressure,Actors,31.36,10.11
Low pressure,Prepress Technicians and Workers,32.06,10.18
Low pressure,Occupational Therapists,33.34,0.8
Low pressure,Cargo and Freight Agents,33.47,1.65
Low pressure,Pharmacy Aides,33.61,2.2
Low pressure,"Library Science Teachers, Postsecondary",33.71,1.8
Low pressure,Historians,33.78,2.8
